model,R2_train,R2_test,RMSE_train,RMSE_test
RandomForest(300),0.9346689539719462,0.4445187518574343,156.5882571431596,543.9274664784657
Linear+Scale,0.29517332173903454,0.226822505108059,514.3284542477669,641.7204666193688
Ridge(10)+Scale,0.29471332880591206,0.22323371477251264,514.4962606553335,643.2080512939648
